<?xml version="1.0" encoding="UTF-8"?>
<!--Created by jFAST v1.2-->
<automaton>
<type>DFA</type>
<input>0,0,1,1,1,0</input>
<display>LARGE</display>
<!--The Alphabets-->
<alphabet type="alphabet">
<symbol>0</symbol>
<symbol>1</symbol>
</alphabet>
<!--The States-->
<state name="e00 (inicial)">
<x>183</x>
<y>119</y>
<start/>
</state>
<state name="e01">
<x>299</x>
<y>119</y>
</state>
<state name="e10 (final)">
<x>407</x>
<y>121</y>
<accept/>
</state>
<!--The Transitions-->
<transition>
<origin>e00 (inicial)</origin>
<destination>e00 (inicial)</destination>
<symbol>
<read>0</read>
</symbol>
</transition>
<transition>
<origin>e00 (inicial)</origin>
<destination>e01</destination>
<symbol>
<read>1</read>
</symbol>
</transition>
<transition>
<origin>e01</origin>
<destination>e10 (final)</destination>
<symbol>
<read>0</read>
</symbol>
</transition>
<transition>
<origin>e01</origin>
<destination>e01</destination>
<symbol>
<read>1</read>
</symbol>
</transition>
<!--The Labels-->
<label>
<x>251</x>
<y>87</y>
<text> 1/0 </text>
<color>Black
</color>
<size>14</size>
</label>
<label>
<x>359</x>
<y>88</y>
<text> 0/1 </text>
<color>Black
</color>
<size>14</size>
</label>
<label>
<x>7</x>
<y>25</y>
<text> Exemplo: 0*1*0 </text>
<color>Black
</color>
<size>14</size>
</label>
</automaton>
