<?xml version="1.0" encoding="UTF-8"?>
<!--Created by jFAST v1.2-->
<automaton>
<type>Finite State Machine</type>
<input/>
<display>LARGE</display>
<!--The Alphabets-->
<alphabet type="alphabet">
<symbol>1</symbol>
<symbol>0</symbol>
</alphabet>
<!--The States-->
<state name="q0">
<x>200</x>
<y>211</y>
<start/>
</state>
<state name="q1">
<x>315</x>
<y>175</y>
</state>
<state name="q2">
<x>453</x>
<y>213</y>
</state>
<state name="q3">
<x>318</x>
<y>242</y>
<accept/>
</state>
<!--The Transitions-->
<transition>
<origin>q0</origin>
<destination>q1</destination>
<symbol>
<read>1</read>
</symbol>
</transition>
<transition>
<origin>q0</origin>
<destination>q0</destination>
<symbol>
<read>0</read>
</symbol>
</transition>
<transition>
<origin>q1</origin>
<destination>q2</destination>
<symbol>
<read>0</read>
</symbol>
</transition>
<transition>
<origin>q1</origin>
<destination>q1</destination>
<symbol>
<read>1</read>
</symbol>
</transition>
<transition>
<origin>q2</origin>
<destination>q2</destination>
<symbol>
<read>0</read>
</symbol>
</transition>
<transition>
<origin>q2</origin>
<destination>q3</destination>
<symbol>
<read>1</read>
</symbol>
</transition>
<!--The Labels-->
<label>
<x>264</x>
<y>143</y>
<text> a </text>
<color>Black
</color>
<size>14</size>
</label>
<label>
<x>392</x>
<y>143</y>
<text> b </text>
<color>Black
</color>
<size>14</size>
</label>
<label>
<x>398</x>
<y>312</y>
<text> c </text>
<color>Black
</color>
<size>14</size>
</label>
</automaton>
