<?xml version="1.0" encoding="UTF-8"?>
<!--Created by jFAST v1.2-->
<automaton>
<type>DFA</type>
<input/>
<display>LARGE</display>
<!--The Alphabets-->
<alphabet type="alphabet">
<symbol>a</symbol>
<symbol>b</symbol>
<symbol>c</symbol>
</alphabet>
<!--The States-->
<state name="1">
<x>38</x>
<y>67</y>
<start/>
</state>
<state name="2">
<x>240</x>
<y>151</y>
</state>
<state name="3">
<x>420</x>
<y>339</y>
</state>
<state name="4">
<x>644</x>
<y>120</y>
<accept/>
</state>
<state name="Fail">
<x>92</x>
<y>373</y>
</state>
<!--The Transitions-->
<transition>
<origin>1</origin>
<destination>2</destination>
<symbol>
<read>a</read>
</symbol>
</transition>
<transition>
<origin>1</origin>
<destination>Fail</destination>
<symbol>
<read>b</read>
</symbol>
<symbol>
<read>c</read>
</symbol>
</transition>
<transition>
<origin>2</origin>
<destination>3</destination>
<symbol>
<read>b</read>
</symbol>
</transition>
<transition>
<origin>2</origin>
<destination>Fail</destination>
<symbol>
<read>a</read>
</symbol>
<symbol>
<read>c</read>
</symbol>
</transition>
<transition>
<origin>3</origin>
<destination>4</destination>
<symbol>
<read>c</read>
</symbol>
</transition>
<transition>
<origin>3</origin>
<destination>Fail</destination>
<symbol>
<read>a</read>
</symbol>
<symbol>
<read>b</read>
</symbol>
</transition>
<transition>
<origin>4</origin>
<destination>4</destination>
<symbol>
<read>c</read>
</symbol>
</transition>
<transition>
<origin>4</origin>
<destination>2</destination>
<symbol>
<read>a</read>
</symbol>
</transition>
<transition>
<origin>4</origin>
<destination>Fail</destination>
<symbol>
<read>b</read>
</symbol>
</transition>
<transition>
<origin>Fail</origin>
<destination>Fail</destination>
<symbol>
<read>a</read>
</symbol>
<symbol>
<read>b</read>
</symbol>
<symbol>
<read>c</read>
</symbol>
</transition>
<!--The Labels-->
<label>
<x>262</x>
<y>91</y>
<text> Recognizes (abc+)+ </text>
<color>Blue
</color>
<size>24</size>
</label>
</automaton>
