<?xml version="1.0" encoding="UTF-8"?>
<!--Created by jFAST v1.2-->
<automaton>
<type>NFA</type>
<input/>
<display>LARGE</display>
<!--The Alphabets-->
<alphabet type="alphabet">
<symbol>a</symbol>
<symbol>b</symbol>
<symbol>c</symbol>
</alphabet>
<!--The States-->
<state name="1">
<x>62</x>
<y>98</y>
<start/>
</state>
<state name="2">
<x>258</x>
<y>206</y>
</state>
<state name="4">
<x>625</x>
<y>162</y>
<accept/>
</state>
<state name="3">
<x>475</x>
<y>331</y>
</state>
<!--The Transitions-->
<transition>
<origin>1</origin>
<destination>2</destination>
<symbol>
<read>a</read>
</symbol>
</transition>
<transition>
<origin>2</origin>
<destination>3</destination>
<symbol>
<read>b</read>
</symbol>
</transition>
<transition>
<origin>4</origin>
<destination>4</destination>
<symbol>
<read>c</read>
</symbol>
</transition>
<transition>
<origin>4</origin>
<destination>2</destination>
<symbol>
<read>a</read>
</symbol>
</transition>
<transition>
<origin>3</origin>
<destination>4</destination>
<symbol>
<read>c</read>
</symbol>
</transition>
<!--The Labels-->
<label>
<x>242</x>
<y>57</y>
<text> Recognizes (abc+)+ </text>
<color>Blue
</color>
<size>28</size>
</label>
</automaton>
