<?xml version="1.0" encoding="UTF-8"?>
<!--Created by jFAST v1.2-->
<automaton>
<type>NFA</type>
<input>0,0,0,0,0,0,0,0</input>
<display>LARGE</display>
<!--The Alphabets-->
<alphabet type="alphabet">
<symbol>0</symbol>
</alphabet>
<!--The States-->
<state name="start">
<x>74</x>
<y>142</y>
<start/>
</state>
<state name="multiple of 2">
<x>372</x>
<y>71</y>
<accept/>
</state>
<state name="multiple of 3">
<x>369</x>
<y>276</y>
<accept/>
</state>
<state name="k mod 2 = 1">
<x>636</x>
<y>47</y>
</state>
<state name="k mode 3 = 1">
<x>645</x>
<y>248</y>
</state>
<state name="k mod 3 = 2">
<x>488</x>
<y>421</y>
</state>
<!--The Transitions-->
<transition>
<origin>start</origin>
<destination>multiple of 2</destination>
<symbol>
<read>ε</read>
</symbol>
</transition>
<transition>
<origin>start</origin>
<destination>multiple of 3</destination>
<symbol>
<read>ε</read>
</symbol>
</transition>
<transition>
<origin>multiple of 2</origin>
<destination>k mod 2 = 1</destination>
<symbol>
<read>0</read>
</symbol>
</transition>
<transition>
<origin>multiple of 3</origin>
<destination>k mode 3 = 1</destination>
<symbol>
<read>0</read>
</symbol>
</transition>
<transition>
<origin>k mod 2 = 1</origin>
<destination>multiple of 2</destination>
<symbol>
<read>0</read>
</symbol>
</transition>
<transition>
<origin>k mode 3 = 1</origin>
<destination>k mod 3 = 2</destination>
<symbol>
<read>0</read>
</symbol>
</transition>
<transition>
<origin>k mod 3 = 2</origin>
<destination>multiple of 3</destination>
<symbol>
<read>0</read>
</symbol>
</transition>
<!--The Labels-->
<!--<no labels>-->
</automaton>
