<?xml version="1.0" encoding="UTF-8"?>
<!--Created by jFAST v1.2-->
<automaton>
<type>Turing Machine</type>
<input>λ,λ,λ,λ,λ,λ,λ,λ,λ,λ,λ,λ,#</input>
<display>LARGE</display>
<!--The Alphabets-->
<alphabet type="alphabet">
<symbol>0</symbol>
<symbol>1</symbol>
<symbol>#</symbol>
</alphabet>
<!--The States-->
<state name="a">
<x>71</x>
<y>88</y>
<start/>
</state>
<state name="b">
<x>692</x>
<y>131</y>
</state>
<state name="c">
<x>121</x>
<y>385</y>
</state>
<state name="d">
<x>718</x>
<y>391</y>
</state>
<!--The Transitions-->
<transition>
<origin>a</origin>
<destination>b</destination>
<symbol>
<read>λ</read>
<write>0</write>
<move>Right</move>
</symbol>
</transition>
<transition>
<origin>b</origin>
<destination>c</destination>
<symbol>
<read>λ</read>
<write>ε</write>
<move>Right</move>
</symbol>
</transition>
<transition>
<origin>c</origin>
<destination>d</destination>
<symbol>
<read>λ</read>
<write>1</write>
<move>Right</move>
</symbol>
</transition>
<transition>
<origin>d</origin>
<destination>a</destination>
<symbol>
<read>λ</read>
<write>ε</write>
<move>Right</move>
</symbol>
</transition>
<!--The Labels-->
<label>
<x>169</x>
<y>34</y>
<text> Prints 0_1_0_1... until '#' is encountered </text>
<color>Blue
</color>
<size>24</size>
</label>
</automaton>
