<?xml version="1.0" encoding="UTF-8"?>
<!--Created by jFAST v1.2-->
<automaton>
<type>NFA</type>
<input/>
<display>LARGE</display>
<!--The Alphabets-->
<alphabet type="alphabet">
<symbol>0</symbol>
<symbol>1</symbol>
</alphabet>
<!--The States-->
<state name="q0">
<x>122</x>
<y>105</y>
<start/>
</state>
<state name="q1">
<x>268</x>
<y>198</y>
</state>
<state name="q2">
<x>436</x>
<y>301</y>
</state>
<state name="q3">
<x>601</x>
<y>402</y>
<accept/>
</state>
<!--The Transitions-->
<transition>
<origin>q0</origin>
<destination>q0</destination>
<symbol>
<read>0</read>
</symbol>
<symbol>
<read>1</read>
</symbol>
</transition>
<transition>
<origin>q0</origin>
<destination>q1</destination>
<symbol>
<read>1</read>
</symbol>
</transition>
<transition>
<origin>q1</origin>
<destination>q2</destination>
<symbol>
<read>0</read>
</symbol>
<symbol>
<read>1</read>
</symbol>
</transition>
<transition>
<origin>q2</origin>
<destination>q3</destination>
<symbol>
<read>0</read>
</symbol>
<symbol>
<read>1</read>
</symbol>
</transition>
<!--The Labels-->
<!--<no labels>-->
</automaton>
