<?xml version="1.0" encoding="UTF-8"?>
<!--Created by jFAST v1.2-->
<automaton>
<type>DFA</type>
<input/>
<display>LARGE</display>
<!--The Alphabets-->
<alphabet type="alphabet">
<symbol>0</symbol>
<symbol>1</symbol>
</alphabet>
<!--The States-->
<state name="q000">
<x>30</x>
<y>49</y>
<start/>
</state>
<state name="q001">
<x>290</x>
<y>145</y>
</state>
<state name="q011">
<x>525</x>
<y>149</y>
</state>
<state name="q111">
<x>652</x>
<y>119</y>
<accept/>
</state>
<state name="q100">
<x>55</x>
<y>390</y>
<accept/>
</state>
<state name="q010">
<x>321</x>
<y>337</y>
</state>
<state name="q101">
<x>483</x>
<y>320</y>
<accept/>
</state>
<state name="q110">
<x>680</x>
<y>400</y>
<accept/>
</state>
<!--The Transitions-->
<transition>
<origin>q000</origin>
<destination>q000</destination>
<symbol>
<read>0</read>
</symbol>
</transition>
<transition>
<origin>q000</origin>
<destination>q001</destination>
<symbol>
<read>1</read>
</symbol>
</transition>
<transition>
<origin>q001</origin>
<destination>q011</destination>
<symbol>
<read>1</read>
</symbol>
</transition>
<transition>
<origin>q001</origin>
<destination>q010</destination>
<symbol>
<read>0</read>
</symbol>
</transition>
<transition>
<origin>q011</origin>
<destination>q111</destination>
<symbol>
<read>1</read>
</symbol>
</transition>
<transition>
<origin>q011</origin>
<destination>q110</destination>
<symbol>
<read>0</read>
</symbol>
</transition>
<transition>
<origin>q111</origin>
<destination>q111</destination>
<symbol>
<read>1</read>
</symbol>
</transition>
<transition>
<origin>q111</origin>
<destination>q110</destination>
<symbol>
<read>0</read>
</symbol>
</transition>
<transition>
<origin>q100</origin>
<destination>q001</destination>
<symbol>
<read>1</read>
</symbol>
</transition>
<transition>
<origin>q100</origin>
<destination>q000</destination>
<symbol>
<read>0</read>
</symbol>
</transition>
<transition>
<origin>q010</origin>
<destination>q101</destination>
<symbol>
<read>1</read>
</symbol>
</transition>
<transition>
<origin>q010</origin>
<destination>q100</destination>
<symbol>
<read>0</read>
</symbol>
</transition>
<transition>
<origin>q101</origin>
<destination>q011</destination>
<symbol>
<read>1</read>
</symbol>
</transition>
<transition>
<origin>q101</origin>
<destination>q010</destination>
<symbol>
<read>0</read>
</symbol>
</transition>
<transition>
<origin>q110</origin>
<destination>q101</destination>
<symbol>
<read>1</read>
</symbol>
</transition>
<transition>
<origin>q110</origin>
<destination>q100</destination>
<symbol>
<read>0</read>
</symbol>
</transition>
<!--The Labels-->
<!--<no labels>-->
</automaton>
