<?xml version="1.0" encoding="UTF-8"?>
<!--Created by jFAST v1.2-->
<automaton>
<type>Turing Machine</type>
<input>λ,1,1</input>
<display>SMALL</display>
<!--The Alphabets-->
<alphabet type="alphabet">
<symbol>0</symbol>
<symbol>1</symbol>
<symbol>A</symbol>
</alphabet>
<!--The States-->
<state name="Ready To Search">
<x>25</x>
<y>99</y>
<start/>
</state>
<state name="Find Middle Zero">
<x>252</x>
<y>102</y>
</state>
<state name="Find New Place">
<x>529</x>
<y>108</y>
</state>
<state name="Find Beginning">
<x>648</x>
<y>275</y>
</state>
<state name="Find Beginning To Finish">
<x>190</x>
<y>427</y>
</state>
<state name="Rewrite A's as 1's">
<x>467</x>
<y>315</y>
</state>
<!--The Transitions-->
<transition>
<origin>Ready To Search</origin>
<destination>Ready To Search</destination>
<symbol>
<read>λ</read>
<write>ε</write>
<move>Right</move>
</symbol>
<symbol>
<read>A</read>
<write>ε</write>
<move>Right</move>
</symbol>
</transition>
<transition>
<origin>Ready To Search</origin>
<destination>Find Middle Zero</destination>
<symbol>
<read>1</read>
<write>A</write>
<move>Right</move>
</symbol>
</transition>
<transition>
<origin>Ready To Search</origin>
<destination>Find Beginning To Finish</destination>
<symbol>
<read>0</read>
<write>ε</write>
<move>Left</move>
</symbol>
</transition>
<transition>
<origin>Find Middle Zero</origin>
<destination>Find Middle Zero</destination>
<symbol>
<read>1</read>
<write>ε</write>
<move>Right</move>
</symbol>
</transition>
<transition>
<origin>Find Middle Zero</origin>
<destination>Find New Place</destination>
<symbol>
<read>λ</read>
<write>0</write>
<move>Right</move>
</symbol>
<symbol>
<read>0</read>
<write>ε</write>
<move>Right</move>
</symbol>
</transition>
<transition>
<origin>Find New Place</origin>
<destination>Find New Place</destination>
<symbol>
<read>A</read>
<write>ε</write>
<move>Right</move>
</symbol>
</transition>
<transition>
<origin>Find New Place</origin>
<destination>Find Beginning</destination>
<symbol>
<read>λ</read>
<write>A</write>
<move>Left</move>
</symbol>
</transition>
<transition>
<origin>Find Beginning</origin>
<destination>Find Beginning</destination>
<symbol>
<read>0</read>
<write>ε</write>
<move>Left</move>
</symbol>
<symbol>
<read>1</read>
<write>ε</write>
<move>Left</move>
</symbol>
<symbol>
<read>A</read>
<write>ε</write>
<move>Left</move>
</symbol>
</transition>
<transition>
<origin>Find Beginning</origin>
<destination>Ready To Search</destination>
<symbol>
<read>λ</read>
<write>ε</write>
<move>Right</move>
</symbol>
</transition>
<transition>
<origin>Find Beginning To Finish</origin>
<destination>Find Beginning To Finish</destination>
<symbol>
<read>A</read>
<write>ε</write>
<move>Left</move>
</symbol>
</transition>
<transition>
<origin>Find Beginning To Finish</origin>
<destination>Rewrite A's as 1's</destination>
<symbol>
<read>λ</read>
<write>ε</write>
<move>Right</move>
</symbol>
</transition>
<transition>
<origin>Rewrite A's as 1's</origin>
<destination>Rewrite A's as 1's</destination>
<symbol>
<read>0</read>
<write>ε</write>
<move>Right</move>
</symbol>
<symbol>
<read>A</read>
<write>1</write>
<move>Right</move>
</symbol>
</transition>
<!--The Labels-->
<label>
<x>161</x>
<y>12</y>
<text> Should Duplicate A Block Of 1's </text>
<color>Blue
</color>
<size>28</size>
</label>
</automaton>
