<?xml version="1.0" encoding="UTF-8"?>
<!--Created by jFAST v1.2-->
<automaton>
<type>NFA</type>
<input>a,a,c</input>
<display>LARGE</display>
<!--The Alphabets-->
<alphabet type="alphabet">
<symbol>a</symbol>
<symbol>b</symbol>
<symbol>c</symbol>
</alphabet>
<!--The States-->
<state name="Start">
<x>70</x>
<y>195</y>
<start/>
</state>
<state name="q1">
<x>204</x>
<y>198</y>
</state>
<state name="q2">
<x>412</x>
<y>89</y>
</state>
<state name="q3">
<x>623</x>
<y>175</y>
<accept/>
</state>
<state name="q4">
<x>414</x>
<y>352</y>
</state>
<!--The Transitions-->
<transition>
<origin>Start</origin>
<destination>q1</destination>
<symbol>
<read>a</read>
</symbol>
</transition>
<transition>
<origin>q1</origin>
<destination>q1</destination>
<symbol>
<read>a</read>
</symbol>
</transition>
<transition>
<origin>q1</origin>
<destination>q2</destination>
<symbol>
<read>b</read>
</symbol>
</transition>
<transition>
<origin>q1</origin>
<destination>q4</destination>
<symbol>
<read>ε</read>
</symbol>
</transition>
<transition>
<origin>q2</origin>
<destination>q3</destination>
<symbol>
<read>c</read>
</symbol>
</transition>
<transition>
<origin>q4</origin>
<destination>q3</destination>
<symbol>
<read>c</read>
</symbol>
</transition>
<!--The Labels-->
<label>
<x>214</x>
<y>30</y>
<text> Alphabet: {a*bc | a*c} </text>
<color>Red
</color>
<size>28</size>
</label>
</automaton>
