<?xml version="1.0" encoding="UTF-8"?>
<!--Created by jFAST v1.2-->
<automaton>
<type>DFA</type>
<input/>
<display>LARGE</display>
<!--The Alphabets-->
<alphabet type="alphabet">
<symbol>a</symbol>
<symbol>b</symbol>
</alphabet>
<!--The States-->
<state name="Start">
<x>47</x>
<y>136</y>
<start/>
</state>
<state name="Midway">
<x>386</x>
<y>44</y>
</state>
<state name="Accept">
<x>547</x>
<y>215</y>
<accept/>
</state>
<state name="Reject">
<x>278</x>
<y>340</y>
</state>
<!--The Transitions-->
<transition>
<origin>Start</origin>
<destination>Midway</destination>
<symbol>
<read>a</read>
</symbol>
</transition>
<transition>
<origin>Start</origin>
<destination>Reject</destination>
<symbol>
<read>b</read>
</symbol>
</transition>
<transition>
<origin>Midway</origin>
<destination>Accept</destination>
<symbol>
<read>b</read>
</symbol>
</transition>
<transition>
<origin>Midway</origin>
<destination>Reject</destination>
<symbol>
<read>a</read>
</symbol>
</transition>
<transition>
<origin>Accept</origin>
<destination>Reject</destination>
<symbol>
<read>a</read>
</symbol>
<symbol>
<read>b</read>
</symbol>
</transition>
<transition>
<origin>Reject</origin>
<destination>Reject</destination>
<symbol>
<read>a</read>
</symbol>
<symbol>
<read>b</read>
</symbol>
</transition>
<!--The Labels-->
<!--<no labels>-->
</automaton>
