<?xml version="1.0" encoding="UTF-8"?>
<!--Created by jFAST v1.2-->
<automaton>
<type>DFA</type>
<input>a,b,c,d,e,f,g,h,i,j,k,l,m,n,o,p,q,r,s,t,u,v,w,x,y,and,z,now,i,know,my,a,b,c's,next,time,won't,you,sing,with,me?</input>
<display>LARGE</display>
<!--The Alphabets-->
<alphabet type="alphabet">
<symbol>a</symbol>
<symbol>b</symbol>
<symbol>c</symbol>
<symbol>d</symbol>
<symbol>e</symbol>
<symbol>f</symbol>
<symbol>g</symbol>
<symbol>h</symbol>
<symbol>i</symbol>
<symbol>j</symbol>
<symbol>k</symbol>
<symbol>l</symbol>
<symbol>m</symbol>
<symbol>n</symbol>
<symbol>o</symbol>
<symbol>p</symbol>
<symbol>q</symbol>
<symbol>r</symbol>
<symbol>s</symbol>
<symbol>t</symbol>
<symbol>u</symbol>
<symbol>v</symbol>
<symbol>w</symbol>
<symbol>x</symbol>
<symbol>y</symbol>
<symbol>z</symbol>
<symbol>now</symbol>
<symbol>know</symbol>
<symbol>my</symbol>
<symbol>c's</symbol>
<symbol>next</symbol>
<symbol>time</symbol>
<symbol>won't</symbol>
<symbol>you</symbol>
<symbol>sing</symbol>
<symbol>with</symbol>
<symbol>me?</symbol>
<symbol>and</symbol>
</alphabet>
<!--The States-->
<state name="q22">
<x>18</x>
<y>40</y>
<start/>
</state>
<state name="q23">
<x>141</x>
<y>42</y>
</state>
<state name="q24">
<x>253</x>
<y>37</y>
</state>
<state name="q25">
<x>389</x>
<y>36</y>
</state>
<state name="q26">
<x>491</x>
<y>36</y>
</state>
<state name="q27">
<x>600</x>
<y>36</y>
</state>
<state name="q28">
<x>704</x>
<y>37</y>
</state>
<state name="q29">
<x>799</x>
<y>37</y>
</state>
<state name="q30">
<x>894</x>
<y>37</y>
</state>
<state name="q31">
<x>980</x>
<y>37</y>
</state>
<state name="q32">
<x>1077</x>
<y>43</y>
</state>
<state name="q33">
<x>1081</x>
<y>133</y>
</state>
<state name="q34">
<x>983</x>
<y>136</y>
</state>
<state name="q35">
<x>897</x>
<y>139</y>
</state>
<state name="q36">
<x>798</x>
<y>137</y>
</state>
<state name="q37">
<x>702</x>
<y>135</y>
</state>
<state name="q38">
<x>601</x>
<y>136</y>
</state>
<state name="q39">
<x>490</x>
<y>134</y>
</state>
<state name="q40">
<x>387</x>
<y>129</y>
</state>
<state name="q41">
<x>254</x>
<y>121</y>
</state>
<state name="q42">
<x>142</x>
<y>122</y>
</state>
<state name="q43">
<x>17</x>
<y>112</y>
</state>
<state name="q44">
<x>19</x>
<y>222</y>
</state>
<state name="q45">
<x>141</x>
<y>219</y>
</state>
<state name="q46">
<x>254</x>
<y>220</y>
</state>
<state name="q47">
<x>384</x>
<y>228</y>
</state>
<state name="q48">
<x>491</x>
<y>227</y>
</state>
<state name="q49">
<x>601</x>
<y>230</y>
</state>
<state name="q50">
<x>704</x>
<y>229</y>
</state>
<state name="q51">
<x>802</x>
<y>228</y>
</state>
<state name="q52">
<x>900</x>
<y>225</y>
</state>
<state name="q53">
<x>989</x>
<y>222</y>
</state>
<state name="q54">
<x>1089</x>
<y>219</y>
</state>
<state name="q55">
<x>1089</x>
<y>310</y>
</state>
<state name="q56">
<x>991</x>
<y>308</y>
</state>
<state name="q57">
<x>903</x>
<y>308</y>
</state>
<state name="q58">
<x>802</x>
<y>311</y>
</state>
<state name="q59">
<x>703</x>
<y>308</y>
</state>
<state name="q60">
<x>601</x>
<y>309</y>
</state>
<state name="q61">
<x>491</x>
<y>309</y>
</state>
<state name="q62">
<x>383</x>
<y>307</y>
<accept/>
</state>
<!--The Transitions-->
<transition>
<origin>q22</origin>
<destination>q23</destination>
<symbol>
<read>a</read>
</symbol>
</transition>
<transition>
<origin>q23</origin>
<destination>q24</destination>
<symbol>
<read>b</read>
</symbol>
</transition>
<transition>
<origin>q24</origin>
<destination>q25</destination>
<symbol>
<read>c</read>
</symbol>
</transition>
<transition>
<origin>q25</origin>
<destination>q26</destination>
<symbol>
<read>d</read>
</symbol>
</transition>
<transition>
<origin>q26</origin>
<destination>q27</destination>
<symbol>
<read>e</read>
</symbol>
</transition>
<transition>
<origin>q27</origin>
<destination>q28</destination>
<symbol>
<read>f</read>
</symbol>
</transition>
<transition>
<origin>q28</origin>
<destination>q29</destination>
<symbol>
<read>g</read>
</symbol>
</transition>
<transition>
<origin>q29</origin>
<destination>q30</destination>
<symbol>
<read>h</read>
</symbol>
</transition>
<transition>
<origin>q30</origin>
<destination>q31</destination>
<symbol>
<read>i</read>
</symbol>
</transition>
<transition>
<origin>q31</origin>
<destination>q32</destination>
<symbol>
<read>j</read>
</symbol>
</transition>
<transition>
<origin>q32</origin>
<destination>q33</destination>
<symbol>
<read>k</read>
</symbol>
</transition>
<transition>
<origin>q33</origin>
<destination>q34</destination>
<symbol>
<read>l</read>
</symbol>
</transition>
<transition>
<origin>q34</origin>
<destination>q35</destination>
<symbol>
<read>m</read>
</symbol>
</transition>
<transition>
<origin>q35</origin>
<destination>q36</destination>
<symbol>
<read>n</read>
</symbol>
</transition>
<transition>
<origin>q36</origin>
<destination>q37</destination>
<symbol>
<read>o</read>
</symbol>
</transition>
<transition>
<origin>q37</origin>
<destination>q38</destination>
<symbol>
<read>p</read>
</symbol>
</transition>
<transition>
<origin>q38</origin>
<destination>q39</destination>
<symbol>
<read>q</read>
</symbol>
</transition>
<transition>
<origin>q39</origin>
<destination>q40</destination>
<symbol>
<read>r</read>
</symbol>
</transition>
<transition>
<origin>q40</origin>
<destination>q41</destination>
<symbol>
<read>s</read>
</symbol>
</transition>
<transition>
<origin>q41</origin>
<destination>q42</destination>
<symbol>
<read>t</read>
</symbol>
</transition>
<transition>
<origin>q42</origin>
<destination>q43</destination>
<symbol>
<read>u</read>
</symbol>
</transition>
<transition>
<origin>q43</origin>
<destination>q44</destination>
<symbol>
<read>v</read>
</symbol>
</transition>
<transition>
<origin>q44</origin>
<destination>q45</destination>
<symbol>
<read>w</read>
</symbol>
</transition>
<transition>
<origin>q45</origin>
<destination>q46</destination>
<symbol>
<read>x</read>
</symbol>
</transition>
<transition>
<origin>q46</origin>
<destination>q47</destination>
<symbol>
<read>y</read>
</symbol>
</transition>
<transition>
<origin>q47</origin>
<destination>q48</destination>
<symbol>
<read>z</read>
</symbol>
</transition>
<transition>
<origin>q47</origin>
<destination>q47</destination>
<symbol>
<read>and</read>
</symbol>
</transition>
<transition>
<origin>q48</origin>
<destination>q49</destination>
<symbol>
<read>now</read>
</symbol>
</transition>
<transition>
<origin>q49</origin>
<destination>q50</destination>
<symbol>
<read>i</read>
</symbol>
</transition>
<transition>
<origin>q50</origin>
<destination>q51</destination>
<symbol>
<read>know</read>
</symbol>
</transition>
<transition>
<origin>q51</origin>
<destination>q52</destination>
<symbol>
<read>my</read>
</symbol>
</transition>
<transition>
<origin>q52</origin>
<destination>q53</destination>
<symbol>
<read>a</read>
</symbol>
</transition>
<transition>
<origin>q53</origin>
<destination>q54</destination>
<symbol>
<read>b</read>
</symbol>
</transition>
<transition>
<origin>q54</origin>
<destination>q55</destination>
<symbol>
<read>c's</read>
</symbol>
</transition>
<transition>
<origin>q55</origin>
<destination>q56</destination>
<symbol>
<read>next</read>
</symbol>
</transition>
<transition>
<origin>q56</origin>
<destination>q57</destination>
<symbol>
<read>time</read>
</symbol>
</transition>
<transition>
<origin>q57</origin>
<destination>q58</destination>
<symbol>
<read>won't</read>
</symbol>
</transition>
<transition>
<origin>q58</origin>
<destination>q59</destination>
<symbol>
<read>you</read>
</symbol>
</transition>
<transition>
<origin>q59</origin>
<destination>q60</destination>
<symbol>
<read>sing</read>
</symbol>
</transition>
<transition>
<origin>q60</origin>
<destination>q61</destination>
<symbol>
<read>with</read>
</symbol>
</transition>
<transition>
<origin>q61</origin>
<destination>q62</destination>
<symbol>
<read>me?</read>
</symbol>
</transition>
<!--The Labels-->
<!--<no labels>-->
</automaton>
