<?xml version="1.0" encoding="UTF-8"?>
<!--Created by jFAST v1.2-->
<automaton>
<type>Finite State Machine</type>
<input/>
<display>LARGE</display>
<!--The Alphabets-->
<alphabet type="alphabet">
<symbol>Incorrectly Predict Taken</symbol>
<symbol>Correctly Predict Taken</symbol>
<symbol>Incorrectly Predict Not-Taken</symbol>
<symbol>Correctly Predict Not-Taken</symbol>
</alphabet>
<!--The States-->
<state name="Predict Taken (Strong)">
<x>371</x>
<y>62</y>
</state>
<state name="Predict Not Taken (Strong)">
<x>365</x>
<y>452</y>
</state>
<state name="Predict Not Taken (Weak)">
<x>93</x>
<y>222</y>
</state>
<state name="Predict Taken (Weak)">
<x>738</x>
<y>219</y>
</state>
<!--The Transitions-->
<transition>
<origin>Predict Taken (Strong)</origin>
<destination>Predict Taken (Weak)</destination>
<symbol>
<read>Incorrectly Predict Taken</read>
</symbol>
</transition>
<transition>
<origin>Predict Taken (Strong)</origin>
<destination>Predict Taken (Strong)</destination>
<symbol>
<read>Correctly Predict Taken</read>
</symbol>
</transition>
<transition>
<origin>Predict Not Taken (Strong)</origin>
<destination>Predict Not Taken (Weak)</destination>
<symbol>
<read>Incorrectly Predict Not-Taken</read>
</symbol>
</transition>
<transition>
<origin>Predict Not Taken (Strong)</origin>
<destination>Predict Not Taken (Strong)</destination>
<symbol>
<read>Correctly Predict Not-Taken</read>
</symbol>
</transition>
<transition>
<origin>Predict Not Taken (Weak)</origin>
<destination>Predict Taken (Strong)</destination>
<symbol>
<read>Incorrectly Predict Not-Taken</read>
</symbol>
</transition>
<transition>
<origin>Predict Not Taken (Weak)</origin>
<destination>Predict Not Taken (Strong)</destination>
<symbol>
<read>Correctly Predict Not-Taken</read>
</symbol>
</transition>
<transition>
<origin>Predict Taken (Weak)</origin>
<destination>Predict Not Taken (Strong)</destination>
<symbol>
<read>Incorrectly Predict Taken</read>
</symbol>
</transition>
<transition>
<origin>Predict Taken (Weak)</origin>
<destination>Predict Taken (Strong)</destination>
<symbol>
<read>Correctly Predict Taken</read>
</symbol>
</transition>
<!--The Labels-->
<label>
<x>315</x>
<y>234</y>
<text> 2 Bit Branch Prediction </text>
<color>Blue
</color>
<size>24</size>
</label>
</automaton>
