<?xml version="1.0" encoding="UTF-8"?>
<!--Created by jFAST v1.2-->
<automaton>
<type>DFA</type>
<input>0,0,1,1,0,1,0,1,0,0</input>
<display>LARGE</display>
<!--The Alphabets-->
<alphabet type="alphabet">
<symbol>0</symbol>
<symbol>1</symbol>
</alphabet>
<!--The States-->
<state name="q0">
<x>62</x>
<y>54</y>
<start/>
</state>
<state name="q1">
<x>60</x>
<y>274</y>
</state>
<state name="q2">
<x>427</x>
<y>439</y>
<accept/>
</state>
<state name="q3">
<x>722</x>
<y>321</y>
</state>
<state name="q4">
<x>607</x>
<y>47</y>
<accept/>
</state>
<!--The Transitions-->
<transition>
<origin>q0</origin>
<destination>q4</destination>
<symbol>
<read>0</read>
</symbol>
</transition>
<transition>
<origin>q0</origin>
<destination>q0</destination>
<symbol>
<read>1</read>
</symbol>
</transition>
<transition>
<origin>q1</origin>
<destination>q0</destination>
<symbol>
<read>0</read>
</symbol>
</transition>
<transition>
<origin>q1</origin>
<destination>q3</destination>
<symbol>
<read>1</read>
</symbol>
</transition>
<transition>
<origin>q2</origin>
<destination>q1</destination>
<symbol>
<read>0</read>
</symbol>
</transition>
<transition>
<origin>q2</origin>
<destination>q4</destination>
<symbol>
<read>1</read>
</symbol>
</transition>
<transition>
<origin>q3</origin>
<destination>q2</destination>
<symbol>
<read>0</read>
</symbol>
</transition>
<transition>
<origin>q3</origin>
<destination>q0</destination>
<symbol>
<read>1</read>
</symbol>
</transition>
<transition>
<origin>q4</origin>
<destination>q3</destination>
<symbol>
<read>0</read>
</symbol>
</transition>
<transition>
<origin>q4</origin>
<destination>q1</destination>
<symbol>
<read>1</read>
</symbol>
</transition>
<!--The Labels-->
<!--<no labels>-->
</automaton>
