<?xml version="1.0" encoding="UTF-8"?>
<!--Created by jFAST v1.2-->
<automaton>
<type>NFA</type>
<input>zero,zero,one</input>
<display>LARGE</display>
<!--The Alphabets-->
<alphabet type="alphabet">
<symbol>zero</symbol>
<symbol>one</symbol>
</alphabet>
<!--The States-->
<state name="Initial">
<x>73</x>
<y>100</y>
<start/>
</state>
<state name="Middle">
<x>261</x>
<y>252</y>
</state>
<state name="End">
<x>441</x>
<y>91</y>
<accept/>
</state>
<!--The Transitions-->
<transition>
<origin>Initial</origin>
<destination>Middle</destination>
<symbol>
<read>zero</read>
</symbol>
</transition>
<transition>
<origin>Middle</origin>
<destination>Middle</destination>
<symbol>
<read>zero</read>
</symbol>
</transition>
<transition>
<origin>Middle</origin>
<destination>End</destination>
<symbol>
<read>one</read>
</symbol>
</transition>
<!--The Labels-->
<label>
<x>209</x>
<y>57</y>
<text> Simple NFA </text>
<color>Black
</color>
<size>18</size>
</label>
</automaton>
