<?xml version="1.0" encoding="UTF-8"?>
<!--Created by jFAST v1.2-->
<automaton>
<type>DFA</type>
<input/>
<display>LARGE</display>
<!--The Alphabets-->
<alphabet type="alphabet">
<symbol>0</symbol>
<symbol>1</symbol>
</alphabet>
<!--The States-->
<state name="q33">
<x>216</x>
<y>180</y>
<accept/>
<start/>
</state>
<state name="q34">
<x>493</x>
<y>206</y>
</state>
<!--The Transitions-->
<transition>
<origin>q33</origin>
<destination>q34</destination>
<symbol>
<read>0</read>
</symbol>
</transition>
<transition>
<origin>q33</origin>
<destination>q33</destination>
<symbol>
<read>1</read>
</symbol>
</transition>
<transition>
<origin>q34</origin>
<destination>q33</destination>
<symbol>
<read>0</read>
</symbol>
</transition>
<transition>
<origin>q34</origin>
<destination>q34</destination>
<symbol>
<read>1</read>
</symbol>
</transition>
<!--The Labels-->
<label>
<x>212</x>
<y>79</y>
<text> Recognizes 1*(01*01*)* </text>
<color>Orange
</color>
<size>28</size>
</label>
</automaton>
