<?xml version="1.0" encoding="UTF-8"?>
<!--Created by jFAST v1.2-->
<automaton>
<type>Turing Machine</type>
<input>λ,1,1,0,1,1,1,0</input>
<display>LARGE</display>
<!--The Alphabets-->
<alphabet type="alphabet">
<symbol>0</symbol>
<symbol>1</symbol>
</alphabet>
<!--The States-->
<state name="Find Split">
<x>61</x>
<y>92</y>
<start/>
</state>
<state name="Go To Beginning">
<x>218</x>
<y>191</y>
</state>
<state name="1st Remove">
<x>415</x>
<y>293</y>
</state>
<state name="2nd Remove">
<x>605</x>
<y>426</y>
</state>
<state name="Complete">
<x>747</x>
<y>165</y>
</state>
<!--The Transitions-->
<transition>
<origin>Find Split</origin>
<destination>Find Split</destination>
<symbol>
<read>1</read>
<write>ε</write>
<move>Right</move>
</symbol>
<symbol>
<read>λ</read>
<write>ε</write>
<move>Right</move>
</symbol>
</transition>
<transition>
<origin>Find Split</origin>
<destination>Go To Beginning</destination>
<symbol>
<read>0</read>
<write>1</write>
<move>Stay</move>
</symbol>
</transition>
<transition>
<origin>Go To Beginning</origin>
<destination>Go To Beginning</destination>
<symbol>
<read>1</read>
<write>ε</write>
<move>Left</move>
</symbol>
</transition>
<transition>
<origin>Go To Beginning</origin>
<destination>1st Remove</destination>
<symbol>
<read>λ</read>
<write>ε</write>
<move>Right</move>
</symbol>
</transition>
<transition>
<origin>1st Remove</origin>
<destination>1st Remove</destination>
<symbol>
<read>1</read>
<write>0</write>
<move>Stay</move>
</symbol>
</transition>
<transition>
<origin>1st Remove</origin>
<destination>2nd Remove</destination>
<symbol>
<read>0</read>
<write>ε</write>
<move>Right</move>
</symbol>
</transition>
<transition>
<origin>2nd Remove</origin>
<destination>2nd Remove</destination>
<symbol>
<read>1</read>
<write>0</write>
<move>Stay</move>
</symbol>
</transition>
<transition>
<origin>2nd Remove</origin>
<destination>Complete</destination>
<symbol>
<read>0</read>
<write>ε</write>
<move>Right</move>
</symbol>
</transition>
<!--The Labels-->
<label>
<x>254</x>
<y>64</y>
<text> Should Store n+m </text>
<color>Blue
</color>
<size>24</size>
</label>
<label>
<x>321</x>
<y>100</y>
<text> Where n &amp; m are represented by n+1 and m+1 1's, and seperated by a zero </text>
<color>Red
</color>
<size>14</size>
</label>
</automaton>
