<?xml version="1.0" encoding="UTF-8"?>
<!--Created by jFAST v1.2-->
<automaton>
<type>NFA</type>
<input/>
<display>LARGE</display>
<!--The Alphabets-->
<alphabet type="alphabet">
<symbol>0</symbol>
<symbol>1</symbol>
</alphabet>
<!--The States-->
<state name="s0">
<x>112</x>
<y>217</y>
<start/>
</state>
<state name="s1">
<x>277</x>
<y>59</y>
<accept/>
</state>
<state name="s2">
<x>517</x>
<y>91</y>
</state>
<state name="s3">
<x>266</x>
<y>345</y>
<accept/>
</state>
<state name="s4">
<x>496</x>
<y>308</y>
</state>
<!--The Transitions-->
<transition>
<origin>s0</origin>
<destination>s1</destination>
<symbol>
<read>ε</read>
</symbol>
</transition>
<transition>
<origin>s0</origin>
<destination>s3</destination>
<symbol>
<read>ε</read>
</symbol>
</transition>
<transition>
<origin>s1</origin>
<destination>s1</destination>
<symbol>
<read>1</read>
</symbol>
</transition>
<transition>
<origin>s1</origin>
<destination>s2</destination>
<symbol>
<read>0</read>
</symbol>
</transition>
<transition>
<origin>s2</origin>
<destination>s2</destination>
<symbol>
<read>1</read>
</symbol>
</transition>
<transition>
<origin>s2</origin>
<destination>s1</destination>
<symbol>
<read>0</read>
</symbol>
</transition>
<transition>
<origin>s3</origin>
<destination>s3</destination>
<symbol>
<read>0</read>
</symbol>
</transition>
<transition>
<origin>s3</origin>
<destination>s4</destination>
<symbol>
<read>1</read>
</symbol>
</transition>
<transition>
<origin>s4</origin>
<destination>s4</destination>
<symbol>
<read>0</read>
</symbol>
</transition>
<transition>
<origin>s4</origin>
<destination>s3</destination>
<symbol>
<read>1</read>
</symbol>
</transition>
<!--The Labels-->
<!--<no labels>-->
</automaton>
