<?xml version="1.0" encoding="UTF-8"?>
<!--Created by jFAST v1.2-->
<automaton>
<type>Pushdown Automaton</type>
<input>v,+,(,v,+,v,)</input>
<display>LARGE</display>
<!--The Alphabets-->
<alphabet type="alphabet">
<symbol>v</symbol>
<symbol>(</symbol>
<symbol>+</symbol>
<symbol>)</symbol>
</alphabet>
<alphabet type="stack">
<symbol>E</symbol>
<symbol>O</symbol>
<symbol>P</symbol>
</alphabet>
<!--The States-->
<state name="Initialize Stack">
<x>32</x>
<y>35</y>
<start/>
</state>
<state name="Expression Evaluator">
<x>346</x>
<y>351</y>
<accept/>
</state>
<state name="Operator Assistant">
<x>12</x>
<y>380</y>
</state>
<state name="Parenthesis Assitant">
<x>710</x>
<y>387</y>
</state>
<!--The Transitions-->
<transition>
<origin>Initialize Stack</origin>
<destination>Expression Evaluator</destination>
<symbol>
<read>ε</read>
<pop>ε</pop>
<push>E</push>
</symbol>
</transition>
<transition>
<origin>Expression Evaluator</origin>
<destination>Expression Evaluator</destination>
<symbol>
<read>v</read>
<pop>E</pop>
<push>ε</push>
</symbol>
<symbol>
<read>+</read>
<pop>O</pop>
<push>ε</push>
</symbol>
<symbol>
<read>)</read>
<pop>P</pop>
<push>ε</push>
</symbol>
</transition>
<transition>
<origin>Expression Evaluator</origin>
<destination>Operator Assistant</destination>
<symbol>
<read>v</read>
<pop>E</pop>
<push>E</push>
</symbol>
</transition>
<transition>
<origin>Expression Evaluator</origin>
<destination>Parenthesis Assitant</destination>
<symbol>
<read>(</read>
<pop>E</pop>
<push>P</push>
</symbol>
</transition>
<transition>
<origin>Operator Assistant</origin>
<destination>Expression Evaluator</destination>
<symbol>
<read>ε</read>
<pop>ε</pop>
<push>O</push>
</symbol>
</transition>
<transition>
<origin>Parenthesis Assitant</origin>
<destination>Expression Evaluator</destination>
<symbol>
<read>ε</read>
<pop>ε</pop>
<push>E</push>
</symbol>
</transition>
<!--The Labels-->
<label>
<x>122</x>
<y>215</y>
<text> Initialize Stack </text>
<color>Blue
</color>
<size>12</size>
</label>
<label>
<x>157</x>
<y>386</y>
<text> Push 'O' and 'E' </text>
<color>Blue
</color>
<size>12</size>
</label>
<label>
<x>535</x>
<y>383</y>
<text> Push 'E' and 'P' </text>
<color>Blue
</color>
<size>12</size>
</label>
<label>
<x>311</x>
<y>305</y>
<text> Handle Basic Expressions </text>
<color>Blue
</color>
<size>12</size>
</label>
<label>
<x>204</x>
<y>38</y>
<text> Simple Expression Evaluator </text>
<color>Green
</color>
<size>28</size>
</label>
<label>
<x>263</x>
<y>111</y>
<text> Evaluates a simple expression composed of: </text>
<color>Red
</color>
<size>12</size>
</label>
<label>
<x>405</x>
<y>147</y>
<text> 1) a variable </text>
<color>Red
</color>
<size>12</size>
</label>
<label>
<x>406</x>
<y>168</y>
<text> 2) an operator (+) </text>
<color>Red
</color>
<size>12</size>
</label>
<label>
<x>406</x>
<y>191</y>
<text> 3) a combination of 1 &amp; 2 in parenthesis () </text>
<color>Red
</color>
<size>12</size>
</label>
<label>
<x>406</x>
<y>214</y>
<text> 4) any combination of the above </text>
<color>Red
</color>
<size>12</size>
</label>
<label>
<x>305</x>
<y>252</y>
<text> For example: v+v+v, v+(v+v), (v+v)+(v+v) are Accepted </text>
<color>Black
</color>
<size>12</size>
</label>
<label>
<x>333</x>
<y>272</y>
<text> while v+v+v, (v+v)(v+v), and (v+(v+(v+v)) are Rejected </text>
<color>Black
</color>
<size>12</size>
</label>
</automaton>
