<?xml version="1.0" encoding="UTF-8"?>
<!--Created by jFAST v1.2-->
<automaton>
<type>Pushdown Automaton</type>
<input>a,b,a,b,a</input>
<display>LARGE</display>
<!--The Alphabets-->
<alphabet type="alphabet">
<symbol>a</symbol>
<symbol>b</symbol>
</alphabet>
<alphabet type="stack">
<symbol>x1</symbol>
<symbol>x2</symbol>
<symbol>$</symbol>
</alphabet>
<!--The States-->
<state name="Start">
<x>93</x>
<y>253</y>
<start/>
</state>
<state name="Save 1st Half">
<x>278</x>
<y>58</y>
</state>
<state name="Check 2nd Half">
<x>410</x>
<y>426</y>
</state>
<state name="Accept">
<x>687</x>
<y>221</y>
<accept/>
</state>
<!--The Transitions-->
<transition>
<origin>Start</origin>
<destination>Save 1st Half</destination>
<symbol>
<read>ε</read>
<pop>ε</pop>
<push>$</push>
</symbol>
</transition>
<transition>
<origin>Save 1st Half</origin>
<destination>Save 1st Half</destination>
<symbol>
<read>b</read>
<pop>ε</pop>
<push>x2</push>
</symbol>
<symbol>
<read>a</read>
<pop>ε</pop>
<push>x1</push>
</symbol>
</transition>
<transition>
<origin>Save 1st Half</origin>
<destination>Check 2nd Half</destination>
<symbol>
<read>ε</read>
<pop>ε</pop>
<push>ε</push>
</symbol>
<symbol>
<read>b</read>
<pop>ε</pop>
<push>ε</push>
</symbol>
<symbol>
<read>a</read>
<pop>ε</pop>
<push>ε</push>
</symbol>
</transition>
<transition>
<origin>Check 2nd Half</origin>
<destination>Check 2nd Half</destination>
<symbol>
<read>a</read>
<pop>x1</pop>
<push>ε</push>
</symbol>
<symbol>
<read>b</read>
<pop>x2</pop>
<push>ε</push>
</symbol>
</transition>
<transition>
<origin>Check 2nd Half</origin>
<destination>Accept</destination>
<symbol>
<read>ε</read>
<pop>$</pop>
<push>ε</push>
</symbol>
</transition>
<!--The Labels-->
<label>
<x>149</x>
<y>143</y>
<text> Mark Empty Stack </text>
<color>Green
</color>
<size>12</size>
</label>
<label>
<x>316</x>
<y>20</y>
<text> Save Input </text>
<color>Green
</color>
<size>12</size>
</label>
<label>
<x>227</x>
<y>255</y>
<text> At Each New Symbol Test To See If This Is Point Of Symmetry </text>
<color>Green
</color>
<size>12</size>
</label>
<label>
<x>463</x>
<y>390</y>
<text> Compare 2nd Half To 1st Half </text>
<color>Green
</color>
<size>12</size>
</label>
<label>
<x>395</x>
<y>314</y>
<text> If Stack Is Empty (2nd Half Reverse of First Half) Accept </text>
<color>Green
</color>
<size>12</size>
</label>
<label>
<x>220</x>
<y>200</y>
<text> Accepts Any Palindrome (A={wwR}) </text>
<color>Blue
</color>
<size>24</size>
</label>
</automaton>
