<?xml version="1.0" encoding="UTF-8"?>
<!--Created by jFAST v1.2-->
<automaton>
<type>Pushdown Automaton</type>
<input>a,a,b,b,a,a</input>
<display>LARGE</display>
<!--The Alphabets-->
<alphabet type="alphabet">
<symbol>a</symbol>
<symbol>b</symbol>
</alphabet>
<alphabet type="stack">
<symbol>A</symbol>
<symbol>B</symbol>
</alphabet>
<!--The States-->
<state name="State 0">
<x>157</x>
<y>140</y>
<start/>
</state>
<state name="State 1">
<x>595</x>
<y>149</y>
<accept/>
</state>
<!--The Transitions-->
<transition>
<origin>State 0</origin>
<destination>State 0</destination>
<symbol>
<read>a</read>
<pop>ε</pop>
<push>A</push>
</symbol>
<symbol>
<read>b</read>
<pop>ε</pop>
<push>B</push>
</symbol>
</transition>
<transition>
<origin>State 0</origin>
<destination>State 1</destination>
<symbol>
<read>a</read>
<pop>A</pop>
<push>ε</push>
</symbol>
<symbol>
<read>b</read>
<pop>B</pop>
<push>ε</push>
</symbol>
</transition>
<transition>
<origin>State 1</origin>
<destination>State 1</destination>
<symbol>
<read>a</read>
<pop>A</pop>
<push>ε</push>
</symbol>
<symbol>
<read>b</read>
<pop>B</pop>
<push>ε</push>
</symbol>
</transition>
<!--The Labels-->
<label>
<x>199</x>
<y>52</y>
<text> A Simpler Acceptor of wwR </text>
<color>Red
</color>
<size>28</size>
</label>
</automaton>
